{"Country":{"0":"China","1":"France","2":"United Kingdom","3":"Israel","4":"India","5":"Pakistan","6":"Russia","7":"United States"},"Latitude":{"0":35.86166,"1":46.227638,"2":55.378051,"3":31.046051,"4":20.593684,"5":30.375321,"6":61.52401,"7":37.09024},"Longitude":{"0":104.195397,"1":2.213749,"2":-3.435973,"3":34.851612,"4":78.96288,"5":69.345116,"6":105.318756,"7":-95.712891},"Social support":{"0":0.798760593,"1":0.937103748,"2":0.93668282,"3":0.913571239,"4":0.592200935,"5":0.689062297,"6":0.903150737,"7":0.914219022},"Healthy life expectancy":{"0":69.2891922,"1":73.80193329,"2":72.30160522,"3":73.20025635,"4":60.21518707,"5":58.25313568,"6":64.10045624,"7":68.29949951},"Freedom to make life choices":{"0":0.898517907,"1":0.825467646,"2":0.834743679,"3":0.747580588,"4":0.881444871,"5":0.734833717,"6":0.729892612,"7":0.842619538},"Generosity":{"0":-0.18142575,"1":-0.130641967,"2":0.263732493,"3":0.10259372,"4":0.057551607,"5":0.04489987,"6":-0.151153743,"7":0.149891734},"Perceptions of corruption":{"0":0.7539711,"1":0.583521128,"2":0.435915917,"3":0.78085506,"4":0.772042692,"5":0.745705426,"6":0.864802599,"7":0.699715316}}